"MONTH YEAR","Provider Code","Entity Type",Type,"Contract Type","Contract Phase","Credit Limit / Financed Amount","Loan Application Amount",Count,Mean,Median
"September 2023",CC000101,"Credit Card Issuer","CREDIT CARD","Credit Card",Active,"312,934,470",0,"1,843","169,796","100,000"
"September 2023",CC000222,"Credit Card Issuer","CREDIT CARD","Credit Card",Active,"90,000",0,1,"90,000","90,000"
"September 2023",CC000301,"Credit Card Issuer","CREDIT CARD","Credit Card",Active,"2,147,483,647",0,"92,612","234,799","140,000"
"September 2023",CC000491,"Credit Card Issuer",INSTALLMENT,"Salary loan",Requested,0,0,4,0,0
"September 2023",CO004770,Cooperative,INSTALLMENT,"Student Loan",Active,"1,364,400",0,24,"56,850","17,200"
"September 2023",CO005620,Cooperative,INSTALLMENT,"Salary loan",Active,"4,145,000",0,13,"318,846","295,000"
"September 2023",CO005790,Cooperative,INSTALLMENT,"Student Loan",Active,"157,000",0,5,"31,400","27,000"
"September 2023",CO006440,Cooperative,INSTALLMENT,"Provident Loan",Active,"26,679",0,1,"26,679","26,679"
"September 2023",CO006860,Cooperative,INSTALLMENT,"Trust Loan",Active,"76,000",0,15,"5,067","4,000"
"September 2023",CO007140,Cooperative,INSTALLMENT,"Short Term Loan",Active,"3,000",0,1,"3,000","3,000"
"September 2023",CO007210,Cooperative,INSTALLMENT,"Vehicle leasing",Active,"297,190",0,4,"74,298","77,750"
"September 2023",CO007270,Cooperative,INSTALLMENT,"Salary loan",Active,"9,460,000",0,107,"88,411","80,000"
"September 2023",CO007300,Cooperative,INSTALLMENT,"Student Loan",Active,"3,193,433",0,58,"55,059","40,164"
"September 2023",CO007340,Cooperative,INSTALLMENT,"Business Loan",Active,"2,830,000",0,92,"30,761","20,000"
"September 2023",CO007370,Cooperative,INSTALLMENT,"Personal Loan",Active,"515,000",0,5,"103,000","100,000"
"September 2023",CO008100,Cooperative,INSTALLMENT,"Personal Loan",Active,"1,682,000",0,55,"30,582","18,000"
"September 2023",CO008290,Cooperative,INSTALLMENT,"Salary loan",Active,"170,000",0,5,"34,000","30,000"
"September 2023",CO008530,Cooperative,INSTALLMENT,"Business Loan",Active,"2,390,000",0,10,"239,000","155,000"
"September 2023",CO008600,Cooperative,INSTALLMENT,"Business Loan",Active,"6,151,750",0,71,"86,644","30,000"
"September 2023",CO008660,Cooperative,INSTALLMENT,"Salary loan",Active,"45,000",0,1,"45,000","45,000"
"September 2023",CO008790,Cooperative,INSTALLMENT,"Personal Loan",Active,"352,957",0,3,"117,652","111,732"
"September 2023",CO009130,Cooperative,INSTALLMENT,"Business Loan",Active,"3,743,914",0,13,"287,993","272,000"
"September 2023",CO009150,Cooperative,INSTALLMENT,"Provident Loan",Active,"47,000",0,3,"15,667","12,000"
"September 2023",CO009300,Cooperative,INSTALLMENT,"Term Loan",Active,"5,012,201",0,112,"44,752","28,500"
"September 2023",CO009390,Cooperative,INSTALLMENT,"Provident Loan",Active,"6,610,600",0,66,"100,161","20,000"
"September 2023",CO009400,Cooperative,INSTALLMENT,"Student Loan",Active,"2,781,314",0,31,"89,720","100,000"
"September 2023",CO009470,Cooperative,INSTALLMENT,"Provident Loan",Active,"365,000",0,2,"182,500","182,500"
"September 2023",CO009480,Cooperative,INSTALLMENT,"Business Loan",Active,"53,394,600",0,122,"437,661","348,000"
"September 2023",CO009590,Cooperative,INSTALLMENT,"Personal Loan",Active,"5,976,200",0,211,"28,323","11,300"
"September 2023",CO009600,Cooperative,INSTALLMENT,"Student Loan",Active,"192,904",0,5,"38,581","34,100"
"September 2023",CO010040,Cooperative,INSTALLMENT,"Salary loan",Active,"83,000",0,3,"27,667","23,200"
"September 2023",CO010160,Cooperative,INSTALLMENT,"Provident Loan",Active,"32,045,300",0,24,"1,335,221","1,400,000"
"September 2023",CO010200,Cooperative,INSTALLMENT,"Business Loan",Active,"745,000",0,3,"248,333","250,000"
"September 2023",CO010250,Cooperative,INSTALLMENT,"Personal Loan",Active,"743,000",0,3,"247,667","150,000"
"September 2023",CO010320,Cooperative,INSTALLMENT,"Business Loan",Active,"78,400",0,9,"8,711","9,500"
"September 2023",CO010370,Cooperative,INSTALLMENT,"Business Loan",Active,"500,000",0,1,"500,000","500,000"
"September 2023",CO010580,Cooperative,INSTALLMENT,"Business Loan",Active,"378,356",0,1,"378,356","378,356"
"September 2023",CO010640,Cooperative,INSTALLMENT,"Salary loan",Active,"237,068",0,3,"79,023","50,000"
"September 2023",CO010710,Cooperative,INSTALLMENT,"Business Loan",Active,"740,000",0,5,"148,000","100,000"
"September 2023",CO011020,Cooperative,INSTALLMENT,"Vehicle leasing",Active,"264,000",0,15,"17,600","14,000"
"September 2023",CO011100,Cooperative,INSTALLMENT,"Equipment leasing",Active,"930,000",0,33,"28,182","30,000"
"September 2023",CO011160,Cooperative,INSTALLMENT,"Business Loan",Active,"6,464,000",0,49,"131,918","100,000"
"September 2023",CO011190,Cooperative,INSTALLMENT,"Salary loan",Active,"1,152,700",0,127,"9,076","5,000"
"September 2023",CO011270,Cooperative,INSTALLMENT,"Loan Line",Active,"3,736,300",0,74,"50,491","30,000"
"September 2023",CO011450,Cooperative,INSTALLMENT,"Business Loan",Active,"11,532,518",0,308,"37,443","18,894"
"September 2023",CO011800,Cooperative,INSTALLMENT,"Business Loan",Requested,0,"2,070,000",3,0,0
"September 2023",CO011850,Cooperative,INSTALLMENT,"Personal Loan",Active,"18,353,181",0,154,"119,177","73,565"
"September 2023",CO011890,Cooperative,INSTALLMENT,"Personal Loan",Active,"568,731,402",0,"12,652","44,952","14,100"
"September 2023",CO012060,Cooperative,INSTALLMENT,"Provident Loan",Active,"4,700,000",0,87,"54,023","50,000"
"September 2023",CO012100,Cooperative,INSTALLMENT,"Benefit Loan",Active,"459,500",0,25,"18,380","16,600"
"September 2023",CO012160,Cooperative,INSTALLMENT,"Business Loan",Active,"2,535,914",0,40,"63,398","31,000"
"September 2023",CO012170,Cooperative,INSTALLMENT,"Personal Loan",Active,"11,557,771",0,207,"55,835","17,800"
"September 2023",CO012290,Cooperative,INSTALLMENT,"Business Loan",Active,"29,611,741",0,225,"131,608","50,000"
"September 2023",CO012390,Cooperative,INSTALLMENT,"Business Loan",Active,"7,869,618",0,159,"49,494","27,000"
"September 2023",CO012600,Cooperative,INSTALLMENT,"Personal Loan",Active,"3,055,000",0,22,"138,864","77,000"
"September 2023",CO012620,Cooperative,INSTALLMENT,"Short Term Loan",Active,"6,010,000",0,90,"66,778","30,000"
"September 2023",CO012750,Cooperative,INSTALLMENT,"Business Loan",Active,"70,000",0,1,"70,000","70,000"
"September 2023",CO012820,Cooperative,INSTALLMENT,"Business Loan",Active,"9,349,500",0,16,"584,344","270,000"
"September 2023",CO012970,Cooperative,INSTALLMENT,"Business Loan",Requested,0,0,1,0,0
"September 2023",CO013230,Cooperative,INSTALLMENT,"Business Loan",Active,"65,486,039",0,498,"131,498","60,000"
"September 2023",CO013240,Cooperative,INSTALLMENT,"Salary loan",Active,"126,003,655",0,"1,122","112,303","70,000"
"September 2023",CO013270,Cooperative,INSTALLMENT,"Short Term Loan",Active,"145,000",0,5,"29,000","30,000"
"September 2023",CO013310,Cooperative,INSTALLMENT,"Business Loan",Active,"8,846,800",0,66,"134,042","60,600"
"September 2023",CO013400,Cooperative,INSTALLMENT,"Benefit Loan",Active,"678,500",0,82,"8,274","5,000"
"September 2023",CO013610,Cooperative,INSTALLMENT,"Salary loan",Active,"1,901,900",0,86,"22,115","14,500"
"September 2023",CO013670,Cooperative,INSTALLMENT,"Benefit Loan",Active,"1,092,683",0,920,"1,188",250
"September 2023",CO013790,Cooperative,INSTALLMENT,"Student Loan",Active,"90,000",0,3,"30,000","30,000"
"September 2023",CO013980,Cooperative,INSTALLMENT,"Student Loan",Active,"50,000",0,1,"50,000","50,000"
"September 2023",CO014040,Cooperative,INSTALLMENT,"Student Loan",Active,"39,500",0,9,"4,389","5,000"
"September 2023",CO014250,Cooperative,INSTALLMENT,"Personal Loan",Active,"5,781,434",0,104,"55,591","28,320"
"September 2023",CO014470,Cooperative,INSTALLMENT,"Business Loan",Active,"6,308,000",0,108,"58,407","45,000"
"September 2023",CO014560,Cooperative,INSTALLMENT,"Unsecured loan",Active,"1,097,000",0,8,"137,125","112,000"
"September 2023",CO014570,Cooperative,INSTALLMENT,"Business Loan",Active,"701,607",0,166,"4,227","2,734"
"September 2023",CO014770,Cooperative,INSTALLMENT,"Provident Loan",Active,"50,000",0,1,"50,000","50,000"
"September 2023",CO014860,Cooperative,INSTALLMENT,"Loan Line",Active,"1,012,128,785",0,"6,475","156,313","45,000"
"September 2023",CO014920,Cooperative,INSTALLMENT,"Business Loan",Active,"509,000",0,5,"101,800","70,000"
"September 2023",CO014990,Cooperative,INSTALLMENT,"Term Loan",Active,"11,715,000",0,101,"115,990","35,000"
"September 2023",CO015160,Cooperative,INSTALLMENT,"Business Loan",Active,"6,705,500",0,90,"74,506","46,900"
"September 2023",CO015220,Cooperative,INSTALLMENT,"Business Loan",Active,"35,000",0,1,"35,000","35,000"
"September 2023",CO015870,Cooperative,INSTALLMENT,"Business Loan",Active,"1,605,000",0,21,"76,429","60,000"
"September 2023",CO016370,Cooperative,INSTALLMENT,"Business Loan",Active,"1,201,000",0,17,"70,647","40,000"
"September 2023",CO016440,Cooperative,INSTALLMENT,"Business Loan",Active,"19,934,700",0,298,"66,895","40,000"
"September 2023",CO016540,Cooperative,INSTALLMENT,"Business Loan",Active,"14,583,050",0,412,"35,396","25,000"
"September 2023",CO016550,Cooperative,INSTALLMENT,"Salary loan",Active,"41,961,129",0,259,"162,012","120,000"
"September 2023",CO016740,Cooperative,INSTALLMENT,"Provident Loan",Active,"401,000",0,5,"80,200","100,000"
"September 2023",CO016850,Cooperative,INSTALLMENT,"Unsecured loan",Active,"1,687,000",0,37,"45,595","30,000"
"September 2023",CO017140,Cooperative,INSTALLMENT,"Business Loan",Active,"1,040,000",0,4,"260,000","15,000"
"September 2023",CO017150,Cooperative,INSTALLMENT,"Business Loan",Active,"980,400",0,18,"54,467","42,700"
"September 2023",CO017250,Cooperative,INSTALLMENT,"Personal Loan",Active,"1,076,641",0,30,"35,888","35,986"
"September 2023",CO017260,Cooperative,INSTALLMENT,"Student Loan",Active,"354,500",0,8,"44,313","33,500"
"September 2023",CO017600,Cooperative,INSTALLMENT,"Salary loan",Active,"1,910,000",0,33,"57,879","25,000"
"September 2023",CO017640,Cooperative,INSTALLMENT,"Business Loan",Active,"929,000",0,20,"46,450","34,500"
"September 2023",CO017720,Cooperative,NON-INSTALLMENT,"SWAP Loan",Active,"5,928,087",0,408,"14,530","6,000"
"September 2023",CO017890,Cooperative,INSTALLMENT,"Salary loan",Active,"645,000",0,5,"129,000","70,000"
"September 2023",CO017960,Cooperative,INSTALLMENT,"Business Loan",Active,"350,000",0,9,"38,889","20,000"
"September 2023",CO018100,Cooperative,INSTALLMENT,"Business Loan",Active,"95,000",0,5,"19,000","20,000"
"September 2023",CO018240,Cooperative,INSTALLMENT,"Business Loan",Active,"9,649,950",0,143,"67,482","33,000"
"September 2023",CO018630,Cooperative,INSTALLMENT,"Salary loan",Active,"38,346,000",0,835,"45,923","30,000"
"September 2023",CO019310,Cooperative,INSTALLMENT,"Term Loan",Active,"2,695,000",0,25,"107,800","110,000"
"September 2023",IS009350,Insurance,INSTALLMENT,"Term Loan",Active,"500,000,000",0,1,"500,000,000","500,000,000"
"September 2023",IS010850,Insurance,NON-INSTALLMENT,"Credit Line",Requested,0,"250,000,000",2,0,0
"September 2023",IS011720,Insurance,INSTALLMENT,"Personal Loan",Active,"29,566,100",0,381,"77,601","75,000"
"September 2023",IS012330,Insurance,INSTALLMENT,"Salary loan",Active,"21,917,000",0,144,"152,201","104,500"
"September 2023",IS014350,Insurance,INSTALLMENT,"Salary loan",Active,"10,357,000",0,44,"235,386","196,000"
"September 2023",LS000303,Leasing,INSTALLMENT,"Equipment leasing",Active,"101,640,802",0,7,"14,520,115","10,091,935"
"September 2023",LS000352,Leasing,INSTALLMENT,"Term Loan",Active,"2,726,400",0,3,"908,800","908,800"
"September 2023",LS004100,Leasing,INSTALLMENT,"Vehicle Loan",Active,"23,083,970",0,2,"11,541,985","11,541,985"
"September 2023",LS004110,Leasing,INSTALLMENT,"Salary loan",Active,"1,740,000",0,27,"64,444","50,000"
"September 2023",LS004580,Leasing,INSTALLMENT,"Equipment leasing",Active,"74,126,620",0,17,"4,360,389","3,680,000"
"September 2023",LS005780,Leasing,INSTALLMENT,"Personal Loan",Active,"579,768,698",0,"1,617","358,546","300,000"
"September 2023",LS005810,Leasing,INSTALLMENT,"Equipment leasing",Active,"570,509,894",0,10,"57,050,989","29,410,870"
"September 2023",LS005870,Leasing,INSTALLMENT,"Vehicle Loan",Requested,0,"184,770,000",101,0,0
"September 2023",LS006300,Leasing,INSTALLMENT,"Term Loan",Active,"2,725,332",0,78,"34,940","30,000"
"September 2023",LS006340,Leasing,INSTALLMENT,"Equipment leasing",Requested,0,"5,000,000",1,0,0
"September 2023",LS006600,Leasing,INSTALLMENT,"Term Loan",Active,"106,565,828",0,838,"127,167","88,040"
"September 2023",LS006820,Leasing,INSTALLMENT,"Business Loan",Requested,0,"100,000",2,0,0
"September 2023",LS006940,Leasing,INSTALLMENT,"Business Loan",Active,"227,334,591",0,150,"1,515,564","807,181"
"September 2023",MF006830,Microfinance,INSTALLMENT,"Personal Loan",Active,"136,668,857",0,"7,909","17,280","10,000"
"September 2023",MF011610,Microfinance,INSTALLMENT,"Unsecured loan",Active,"81,273,000",0,"3,567","22,785","20,000"
"September 2023",MF011750,Microfinance,INSTALLMENT,"Business Loan",Active,"113,857,572",0,"6,558","17,362","15,000"
"September 2023",MF011760,Microfinance,INSTALLMENT,"Unsecured loan",Active,"172,229,696",0,"6,340","27,166","15,000"
"September 2023",MF011770,Microfinance,INSTALLMENT,"Unsecured loan",Closed,"62,000",0,3,"20,667","23,000"
"September 2023",MF015120,Microfinance,INSTALLMENT,"Business Loan",Active,"144,189,066",0,"10,331","13,957","10,000"
"September 2023",MF016330,Microfinance,INSTALLMENT,"Personal Loan",Active,"43,905,000",0,"3,058","14,357","10,000"
"September 2023",MF016460,Microfinance,INSTALLMENT,"Term Loan",Active,"2,800,000",0,2,"1,400,000","1,400,000"
"September 2023",MF016670,Microfinance,INSTALLMENT,"Unsecured loan",Active,"3,790,000",0,371,"10,216","9,000"
"September 2023",MF016780,Microfinance,INSTALLMENT,"Unsecured loan",Active,"102,480,500",0,"8,613","11,898","10,000"
"September 2023",MF016880,Microfinance,INSTALLMENT,"Unsecured loan",Active,"9,357,000",0,461,"20,297","8,000"
"September 2023",MF017210,Microfinance,INSTALLMENT,"Unsecured loan",Active,"85,106,000",0,"6,911","12,315","10,000"
"September 2023",MF017220,Microfinance,INSTALLMENT,"Unsecured loan",Active,"226,806,868",0,"16,319","13,898","10,000"
"September 2023",MF017350,Microfinance,INSTALLMENT,"Unsecured loan",Active,"389,918,257",0,"27,696","14,079","10,000"
"September 2023",MF017530,Microfinance,INSTALLMENT,"Agricultural Loan",Active,"13,336,407",0,534,"24,975","15,000"
"September 2023",MF017550,Microfinance,INSTALLMENT,"Unsecured loan",Active,"8,704,695",0,631,"13,795","10,000"
"September 2023",MF017620,Microfinance,INSTALLMENT,"Unsecured loan",Active,"146,848,000",0,"11,766","12,481","10,000"
"September 2023",MF017950,Microfinance,INSTALLMENT,"Unsecured loan",Active,"43,986,500",0,"2,848","15,445","12,000"
"September 2023",MF018220,Microfinance,INSTALLMENT,"Unsecured loan",Active,"42,286,748",0,"3,010","14,049","10,000"
"September 2023",MF018270,Microfinance,INSTALLMENT,"Unsecured loan",Active,"64,319,700",0,"4,745","13,555","10,000"
"September 2023",MF018280,Microfinance,INSTALLMENT,"Unsecured loan",Active,"4,484,560",0,341,"13,151","9,000"
"September 2023",MF018330,Microfinance,INSTALLMENT,"Unsecured loan",Active,"2,098,000",0,90,"23,311","16,000"
"September 2023",MF018760,Microfinance,INSTALLMENT,"Business Loan",Active,"49,121,000",0,"2,653","18,515","15,000"
"September 2023",MF019190,Microfinance,INSTALLMENT,"Unsecured loan",Active,"110,065,000",0,"2,903","37,914","30,000"
"September 2023",OT001620,Others,INSTALLMENT,"Salary loan",Active,"343,000",0,7,"49,000","40,000"
"September 2023",OT001690,Others,INSTALLMENT,"Business Loan",Active,"16,844,000",0,144,"116,972","60,000"
"September 2023",OT002060,Others,INSTALLMENT,"Term Loan",Active,0,0,14,0,0
"September 2023",OT002490,Others,INSTALLMENT,"Business Loan",Active,"224,662,000",0,256,"877,586","500,000"
"September 2023",OT002820,Others,INSTALLMENT,"Unsecured loan",Active,"1,675,000",0,11,"152,273","129,000"
"September 2023",OT003150,Others,INSTALLMENT,"Time Loan",Active,"86,041,028",0,10,"8,604,103","7,308,495"
"September 2023",OT005160,Others,INSTALLMENT,"Business Loan",Active,"580,000",0,7,"82,857","50,000"
"September 2023",OT009120,Others,INSTALLMENT,"Personal Loan",Active,"115,760,522",0,559,"207,085","160,163"
"September 2023",OT009351,Others,INSTALLMENT,"Syndicated Loan",Requested,0,"3,801",1,0,0
"September 2023",OT009430,Others,INSTALLMENT,"Term Loan",Active,"31,496,000",0,143,"220,252","200,000"
"September 2023",OT010730,Others,INSTALLMENT,"Student Loan",Active,"200,853",0,6,"33,476","31,692"
"September 2023",OT015630,Others,INSTALLMENT,"Term Loan",Active,"1,590,000",0,14,"113,571","96,000"
"September 2023",OT018840,Others,INSTALLMENT,"Salary loan",Active,"38,188,275",0,771,"49,531","37,258"
"September 2023",PF000224,"Private Financing",INSTALLMENT,"Benefit Loan",Requested,0,0,2,0,0
"September 2023",PF000990,"Private Financing","CREDIT CARD","Credit Card",Active,"35,872,200",0,"3,095","11,590","5,000"
"September 2023",PF001030,"Private Financing",INSTALLMENT,"Unsecured loan",Active,"99,483,044",0,"4,832","20,588","16,688"
"September 2023",PF002420,"Private Financing",INSTALLMENT,"Business Loan",Active,"300,000",0,1,"300,000","300,000"
"September 2023",PF004320,"Private Financing",INSTALLMENT,"Business Loan",Active,"939,000",0,25,"37,560","22,000"
"September 2023",PF004360,"Private Financing",INSTALLMENT,"Business Loan",Requested,0,"106,000,000",42,0,0
"September 2023",PF004550,"Private Financing",INSTALLMENT,"Personal Loan",Active,"2,370,200",0,14,"169,300","169,300"
"September 2023",PF004620,"Private Financing",INSTALLMENT,"Vehicle Loan",Active,"1,892,865,371",0,"22,817","82,959","72,900"
"September 2023",PF004700,"Private Financing",INSTALLMENT,"Business Loan",Active,"545,000",0,10,"54,500","45,000"
"September 2023",PF004980,"Private Financing",INSTALLMENT,"Business Loan",Requested,0,"297,500,000",64,0,0
"September 2023",PF005580,"Private Financing",INSTALLMENT,"Personal Loan",Active,"40,000",0,1,"40,000","40,000"
"September 2023",PF005930,"Private Financing",INSTALLMENT,"Personal Loan",Active,"2,147,483,647",0,"7,925","363,066","279,300"
"September 2023",PF006080,"Private Financing",INSTALLMENT,"Personal Loan",Active,"5,044,985",0,217,"23,249","20,160"
"September 2023",PF006430,"Private Financing",INSTALLMENT,"Mortgage/Real Estate",Active,"1,424,167",0,7,"203,452","47,500"
"September 2023",PF006540,"Private Financing","CREDIT CARD","Revolving Credit",Requested,0,"7,000,000",3,0,0
"September 2023",PF006550,"Private Financing",INSTALLMENT,"Business Loan",Active,"205,000",0,4,"51,250","42,500"
"September 2023",PF006670,"Private Financing",INSTALLMENT,"Personal Loan","Closed in advance","118,160",0,13,"9,089","4,906"
"September 2023",PF006950,"Private Financing",INSTALLMENT,"Personal Loan",Active,"110,000",0,1,"110,000","110,000"
"September 2023",PF007220,"Private Financing",INSTALLMENT,"Short Term Loan",Active,"17,990,000",0,107,"168,131","150,000"
"September 2023",PF007400,"Private Financing",INSTALLMENT,"Personal Loan",Active,"57,647,520",0,218,"264,438","192,588"
"September 2023",PF007540,"Private Financing",INSTALLMENT,"Salary loan",Requested,0,"320,000",5,0,0
"September 2023",PF007580,"Private Financing",INSTALLMENT,"Benefit Loan",Requested,0,0,8,0,0
"September 2023",PF007870,"Private Financing",INSTALLMENT,"Vehicle Loan",Requested,0,0,16,0,0
"September 2023",PF007950,"Private Financing",INSTALLMENT,"Personal Loan",Active,"1,128,500",0,55,"20,518","21,200"
"September 2023",PF007960,"Private Financing",INSTALLMENT,"Personal Loan",Active,"42,873,775",0,"1,617","26,514","21,000"
"September 2023",PF008010,"Private Financing",INSTALLMENT,"Term Loan",Active,"278,000",0,6,"46,333","47,000"
"September 2023",PF008020,"Private Financing",INSTALLMENT,"Term Loan",Active,"628,500",0,16,"39,281","43,750"
"September 2023",PF008300,"Private Financing",INSTALLMENT,"Business Loan",Requested,0,"9,500,000",1,0,0
"September 2023",PF009080,"Private Financing",INSTALLMENT,"Term Loan",Active,"1,019,800",0,21,"48,562","33,600"
"September 2023",PF009100,"Private Financing",INSTALLMENT,"Term Loan",Active,"2,044,200",0,33,"61,945","37,500"
"September 2023",PF009180,"Private Financing",INSTALLMENT,"Term Loan",Active,"297,800",0,10,"29,780","26,700"
"September 2023",PF009190,"Private Financing",INSTALLMENT,"Term Loan",Active,"2,990,300",0,72,"41,532","34,200"
"September 2023",PF009200,"Private Financing",INSTALLMENT,"Term Loan",Active,"1,238,400",0,23,"53,843","45,000"
"September 2023",PF009640,"Private Financing",INSTALLMENT,"Personal Loan",Active,"514,438,000",0,"34,660","14,842","10,000"
"September 2023",PF009690,"Private Financing",INSTALLMENT,"Business Loan",Active,"6,720,000",0,7,"960,000","1,050,000"
"September 2023",PF010260,"Private Financing",INSTALLMENT,"Benefit Loan",Active,"13,200",0,1,"13,200","13,200"
"September 2023",PF012460,"Private Financing",INSTALLMENT,"Short Term Loan",Closed,"49,500",0,17,"2,912","3,000"
"September 2023",PF012770,"Private Financing",INSTALLMENT,"Salary loan",Active,"1,555,183",0,57,"27,284","27,170"
"September 2023",PF014020,"Private Financing",INSTALLMENT,"Vehicle leasing",Active,"155,941,128",0,266,"586,245","502,000"
"September 2023",PF014750,"Private Financing",INSTALLMENT,"Equipment leasing",Active,"18,189,461",0,8,"2,273,683","617,886"
"September 2023",PF014790,"Private Financing",INSTALLMENT,"Personal Loan",Requested,0,0,2,0,0
"September 2023",PF014830,"Private Financing",INSTALLMENT,"Personal Loan",Requested,0,"425,000",12,0,0
"September 2023",PF014980,"Private Financing",INSTALLMENT,"Personal Loan",Active,"4,855,300",0,458,"10,601","10,100"
"September 2023",PF015180,"Private Financing","CREDIT CARD","Credit Card",Requested,0,"7,858,421",139,0,0
"September 2023",PF015360,"Private Financing",INSTALLMENT,"Salary loan",Requested,0,0,20,0,0
"September 2023",PF015490,"Private Financing",INSTALLMENT,"Salary loan",Active,"644,108",0,4,"161,027","159,676"
"September 2023",PF015710,"Private Financing",NON-INSTALLMENT,"Credit Line",Closed,0,0,1,0,0
"September 2023",PF016020,"Private Financing",NON-INSTALLMENT,"Credit Line",Closed,"12,176,800",0,"29,365",415,200
"September 2023",PF016050,"Private Financing",NON-INSTALLMENT,"Credit Line",Requested,0,"17,800,000",178,0,0
"September 2023",PF016480,"Private Financing",INSTALLMENT,"Personal Loan",Active,"45,000",0,1,"45,000","45,000"
"September 2023",PF016660,"Private Financing",INSTALLMENT,"Personal Loan",Active,"3,620,780",0,199,"18,195","16,560"
"September 2023",PF016720,"Private Financing",INSTALLMENT,"Benefit Loan",Requested,0,"1,000,000",1,0,0
"September 2023",PF016950,"Private Financing",INSTALLMENT,"Unsecured loan",Active,"25,539,232",0,"1,007","25,362","8,456"
"September 2023",PF016970,"Private Financing",INSTALLMENT,"Personal Loan",Active,"2,495,000",0,117,"21,325","21,000"
"September 2023",PF016980,"Private Financing",INSTALLMENT,"Salary loan",Active,"110,000",0,4,"27,500","25,000"
"September 2023",PF016990,"Private Financing",INSTALLMENT,"Mortgage/Real Estate",Active,"450,000",0,2,"225,000","225,000"
"September 2023",PF017000,"Private Financing",INSTALLMENT,"Salary loan",Active,"155,000",0,8,"19,375","17,500"
"September 2023",PF017100,"Private Financing",INSTALLMENT,"Term Loan",Active,"506,700",0,9,"56,300","33,000"
"September 2023",PF017110,"Private Financing",INSTALLMENT,"Personal Loan",Active,"1,880,000",0,415,"4,530","3,000"
"September 2023",PF017170,"Private Financing",INSTALLMENT,"Term Loan",Active,"2,017,200",0,37,"54,519","45,600"
"September 2023",PF017290,"Private Financing",INSTALLMENT,"Salary loan",Active,"122,000",0,3,"40,667","12,000"
"September 2023",PF017320,"Private Financing",INSTALLMENT,"Term Loan",Active,"155,500,763",0,"159,169",977,498
"September 2023",PF017590,"Private Financing",INSTALLMENT,"Benefit Loan",Requested,0,0,1,0,0
"September 2023",PF017670,"Private Financing",INSTALLMENT,"Term Loan",Active,"135,000",0,4,"33,750","32,500"
"September 2023",PF017710,"Private Financing",INSTALLMENT,"Vehicle Loan",Active,"1,205,000",0,3,"401,667","280,000"
"September 2023",PF017770,"Private Financing",INSTALLMENT,"Personal Loan",Requested,0,0,"39,631",0,0
"September 2023",PF017810,"Private Financing",INSTALLMENT,"Short Term Loan",Active,"2,432,000",0,"1,391","1,748","1,000"
"September 2023",PF017830,"Private Financing",INSTALLMENT,"Term Loan",Active,"875,300",0,20,"43,765","38,250"
"September 2023",PF017840,"Private Financing",INSTALLMENT,"Term Loan",Active,"172,200",0,5,"34,440","24,000"
"September 2023",PF017850,"Private Financing",INSTALLMENT,"Term Loan",Active,"619,000",0,12,"51,583","46,800"
"September 2023",PF017920,"Private Financing",INSTALLMENT,"Unsecured loan",Active,"273,356,508",0,"1,837","148,806","136,941"
"September 2023",PF017980,"Private Financing",INSTALLMENT,"Equipment leasing",Active,"52,033,755",0,8,"6,504,219","6,103,392"
"September 2023",PF018000,"Private Financing",INSTALLMENT,"Term Loan",Active,"6,387,725",0,113,"56,529","45,000"
"September 2023",PF018020,"Private Financing",INSTALLMENT,"Personal Loan",Active,"14,254,573",0,"1,815","7,854","6,000"
"September 2023",PF018050,"Private Financing",INSTALLMENT,"Personal Loan",Active,"1,427,000",0,85,"16,788","20,000"
"September 2023",PF018060,"Private Financing",INSTALLMENT,"Salary loan",Active,"192,500",0,54,"3,565","3,000"
"September 2023",PF018070,"Private Financing",INSTALLMENT,"Short Term Loan",Active,"20,000",0,1,"20,000","20,000"
"September 2023",PF018090,"Private Financing",INSTALLMENT,"Business Loan",Requested,0,"70,000,000",13,0,0
"September 2023",PF018150,"Private Financing",INSTALLMENT,"Salary loan",Active,"86,471,715",0,"16,932","5,107","2,500"
"September 2023",PF018170,"Private Financing",NON-INSTALLMENT,"Credit Line",Requested,0,"1,646,435,000","329,287",0,0
"September 2023",PF018370,"Private Financing",INSTALLMENT,"Business Loan",Active,"5,000,000",0,2,"2,500,000","2,500,000"
"September 2023",PF018540,"Private Financing",INSTALLMENT,"Business Loan",Active,"7,812,533",0,25,"312,501","300,000"
"September 2023",PF018750,"Private Financing",INSTALLMENT,"Personal Loan",Active,"61,544,434",0,"14,159","4,347","2,000"
"September 2023",PF018860,"Private Financing",INSTALLMENT,"Salary loan",Active,"14,689,440",0,735,"19,986","16,000"
"September 2023",PF018880,"Private Financing",INSTALLMENT,"Vehicle Loan",Active,"155,000",0,5,"31,000","30,000"
"September 2023",PF018960,"Private Financing",NON-INSTALLMENT,"Credit Line",Requested,0,"12,298,443","3,898",0,0
"September 2023",PF019020,"Private Financing",INSTALLMENT,"Business Loan",Active,"2,150,000",0,6,"358,333","400,000"
"September 2023",PF019030,"Private Financing",INSTALLMENT,"Vehicle Loan",Active,"37,133,770",0,58,"640,237","613,875"
"September 2023",PF019210,"Private Financing",INSTALLMENT,"Personal Loan",Active,"347,700",0,117,"2,972","3,000"
"September 2023",PF019290,"Private Financing",INSTALLMENT,"Personal Loan",Active,"65,575,252",0,"5,964","10,995","13,299"
"September 2023",PF019520,"Private Financing",INSTALLMENT,"Salary loan",Active,"694,090",0,44,"15,775","10,450"
"September 2023",PF019590,"Private Financing",INSTALLMENT,"Personal Loan",Active,"1,582,000",0,19,"83,263","100,000"
"September 2023",RB000930,"Rural Bank",INSTALLMENT,"Time Loan",Active,"51,456,000",0,34,"1,513,412","750,000"
"September 2023",RB001020,"Rural Bank",INSTALLMENT,"Time Loan",Active,"6,251,000",0,28,"223,250","141,500"
"September 2023",RB001150,"Rural Bank",INSTALLMENT,"Salary loan",Active,"7,016,000",0,84,"83,524","86,500"
"September 2023",RB001160,"Rural Bank",INSTALLMENT,"Time Loan",Active,"8,700,000",0,8,"1,087,500","850,000"
"September 2023",RB001180,"Rural Bank",INSTALLMENT,"Business Loan",Active,"77,550,000",0,28,"2,769,643","1,500,000"
"September 2023",RB001200,"Rural Bank",INSTALLMENT,"Salary loan",Active,"18,348,900",0,226,"81,190","23,000"
"September 2023",RB001230,"Rural Bank",INSTALLMENT,"Term Loan",Active,"25,819,000",0,101,"255,634","200,000"
"September 2023",RB001240,"Rural Bank",INSTALLMENT,"Time Loan",Active,"140,000",0,1,"140,000","140,000"
"September 2023",RB001250,"Rural Bank",INSTALLMENT,"Real estate leasing",Active,"15,000",0,1,"15,000","15,000"
"September 2023",RB001260,"Rural Bank",INSTALLMENT,"Business Loan",Active,"230,000",0,2,"115,000","115,000"
"September 2023",RB001290,"Rural Bank",INSTALLMENT,"Personal Loan",Active,"27,164,500",0,278,"97,714","29,000"
"September 2023",RB001310,"Rural Bank",INSTALLMENT,"Business Loan",Active,"16,950,000",0,19,"892,105","600,000"
"September 2023",RB001360,"Rural Bank",INSTALLMENT,"Benefit Loan",Active,"166,000",0,2,"83,000","83,000"
"September 2023",RB001390,"Rural Bank",INSTALLMENT,"Real estate leasing",Requested,0,"500,000",1,0,0
"September 2023",RB001470,"Rural Bank",INSTALLMENT,"Business Loan",Active,"153,500",0,1,"153,500","153,500"
"September 2023",RB001490,"Rural Bank",INSTALLMENT,"Business Loan",Active,"5,502,000",0,67,"82,119","80,000"
"September 2023",RB001510,"Rural Bank",INSTALLMENT,"Term Loan",Active,"835,500",0,4,"208,875","100,000"
"September 2023",RB001550,"Rural Bank",INSTALLMENT,"Salary loan",Active,"130,000",0,2,"65,000","65,000"
"September 2023",RB001570,"Rural Bank",INSTALLMENT,"Time Loan",Active,"1,700,000",0,2,"850,000","850,000"
"September 2023",RB001600,"Rural Bank",INSTALLMENT,"Agricultural Loan",Active,"200,000",0,1,"200,000","200,000"
"September 2023",RB001670,"Rural Bank",INSTALLMENT,"Unsecured loan",Closed,"50,000",0,1,"50,000","50,000"
"September 2023",RB001700,"Rural Bank",INSTALLMENT,"Mortgage/Real Estate",Requested,0,"79,000,000",9,0,0
"September 2023",RB001750,"Rural Bank",INSTALLMENT,"Business Loan",Active,"11,000,000",0,3,"3,666,667","4,500,000"
"September 2023",RB001790,"Rural Bank",INSTALLMENT,"Unsecured loan",Active,"250,000",0,3,"83,333","30,000"
"September 2023",RB001810,"Rural Bank",INSTALLMENT,"Personal Loan",Active,"63,886,000",0,317,"201,533","150,000"
"September 2023",RB001830,"Rural Bank",INSTALLMENT,"Salary loan",Active,"2,010,000",0,22,"91,364","67,500"
"September 2023",RB001900,"Rural Bank",INSTALLMENT,"Short Term Loan",Active,"160,000",0,1,"160,000","160,000"
"September 2023",RB001910,"Rural Bank",INSTALLMENT,"Term Loan",Active,"20,061,500",0,165,"121,585","65,000"
"September 2023",RB001960,"Rural Bank",INSTALLMENT,"Unsecured loan",Active,"70,000",0,1,"70,000","70,000"
"September 2023",RB001970,"Rural Bank",INSTALLMENT,"Salary loan",Active,"120,000",0,2,"60,000","60,000"
"September 2023",RB002130,"Rural Bank",INSTALLMENT,"Personal Loan",Active,"32,540,960",0,101,"322,188","120,000"
"September 2023",RB002290,"Rural Bank",INSTALLMENT,"Equipment leasing",Requested,0,"10,200,000",1,0,0
"September 2023",RB002320,"Rural Bank",INSTALLMENT,"Time Loan",Active,"213,000",0,4,"53,250","55,000"
"September 2023",RB002360,"Rural Bank",INSTALLMENT,"Business Loan",Active,"26,525,000",0,9,"2,947,222","1,070,000"
"September 2023",RB002380,"Rural Bank",INSTALLMENT,"Business Loan",Active,"25,465,000",0,24,"1,061,042","150,000"
"September 2023",RB002390,"Rural Bank",INSTALLMENT,"Business Loan",Active,"1,425,000",0,1,"1,425,000","1,425,000"
"September 2023",RB002410,"Rural Bank",INSTALLMENT,"Unsecured loan",Active,"40,000",0,1,"40,000","40,000"
"September 2023",RB002470,"Rural Bank",INSTALLMENT,"Business Loan",Active,"2,233,000",0,5,"446,600","300,000"
"September 2023",RB002480,"Rural Bank",INSTALLMENT,"Salary loan",Active,"196,000",0,3,"65,333","60,000"
"September 2023",RB002500,"Rural Bank",INSTALLMENT,"Personal Loan",Active,"19,383,000",0,167,"116,066","120,000"
"September 2023",RB002510,"Rural Bank",INSTALLMENT,"Salary loan",Active,"5,412,551",0,3,"1,804,184","1,000,000"
"September 2023",RB002550,"Rural Bank",INSTALLMENT,"Business Loan",Active,"600,000",0,1,"600,000","600,000"
"September 2023",RB002680,"Rural Bank",INSTALLMENT,"Term Loan",Active,"6,470,000",0,60,"107,833","60,000"
"September 2023",RB002700,"Rural Bank",INSTALLMENT,"Time Loan",Active,"700,000",0,3,"233,333","100,000"
"September 2023",RB002710,"Rural Bank",INSTALLMENT,"Business Loan",Requested,0,"200,000",1,0,0
"September 2023",RB002860,"Rural Bank",INSTALLMENT,"Salary loan",Active,"14,870,000",0,107,"138,972","130,000"
"September 2023",RB002870,"Rural Bank",INSTALLMENT,"Business Loan",Active,"715,000",0,3,"238,333","40,000"
"September 2023",RB002890,"Rural Bank",NON-INSTALLMENT,"Credit Line",Requested,0,"8,500,000",15,0,0
"September 2023",RB002940,"Rural Bank",INSTALLMENT,"Salary loan",Active,"495,000",0,8,"61,875","50,000"
"September 2023",RB003010,"Rural Bank",INSTALLMENT,"Business Loan",Active,"186,000",0,3,"62,000","75,000"
"September 2023",RB003030,"Rural Bank",INSTALLMENT,"Short Term Loan",Active,"3,968,000",0,29,"136,828","75,000"
"September 2023",RB003050,"Rural Bank",INSTALLMENT,"Business Loan",Requested,0,"150,000",1,0,0
"September 2023",RB003090,"Rural Bank",INSTALLMENT,"Benefit Loan",Active,"76,000",0,2,"38,000","38,000"
"September 2023",RB003100,"Rural Bank",INSTALLMENT,"Trust Loan",Active,"85,000",0,2,"42,500","42,500"
"September 2023",RB003180,"Rural Bank",INSTALLMENT,"Unsecured loan",Active,"1,140,000",0,13,"87,692","100,000"
"September 2023",RB003220,"Rural Bank",INSTALLMENT,"Salary loan",Requested,0,"160,000",3,0,0
"September 2023",RB003290,"Rural Bank",INSTALLMENT,"Personal Loan",Active,"53,332,200",0,353,"151,083","40,000"
"September 2023",RB003300,"Rural Bank",INSTALLMENT,"Short Term Loan",Active,"3,767,800",0,14,"269,129","109,000"
"September 2023",RB003330,"Rural Bank",NON-INSTALLMENT,"Credit Line",Active,"20,180,000",0,36,"560,556","350,000"
"September 2023",RB003580,"Rural Bank",INSTALLMENT,"Salary loan",Active,"24,300",0,1,"24,300","24,300"
"September 2023",RB003660,"Rural Bank",INSTALLMENT,"Business Loan",Requested,0,"5,100,000",2,0,0
"September 2023",RB003950,"Rural Bank",INSTALLMENT,"Personal Loan",Active,"17,843,500",0,44,"405,534","93,000"
"September 2023",RB004010,"Rural Bank",INSTALLMENT,"Personal Loan",Active,"10,470,000",0,41,"255,366","300,000"
"September 2023",RB004040,"Rural Bank",INSTALLMENT,"Business Loan",Active,"9,051,900",0,93,"97,332","20,000"
"September 2023",RB004060,"Rural Bank",INSTALLMENT,"Business Loan",Active,"6,119,400",0,4,"1,529,850","1,534,700"
"September 2023",RB004130,"Rural Bank",INSTALLMENT,"Unsecured loan",Active,"127,000",0,2,"63,500","63,500"
"September 2023",RB004170,"Rural Bank",INSTALLMENT,"Unsecured loan",Active,"3,469,380",0,44,"78,850","75,700"
"September 2023",RB004180,"Rural Bank",INSTALLMENT,"Time Loan",Active,"41,879,000",0,33,"1,269,061","250,000"
"September 2023",RB004330,"Rural Bank",INSTALLMENT,"Personal Loan",Active,"5,200,000",0,8,"650,000","550,000"
"September 2023",RB004380,"Rural Bank",INSTALLMENT,"Vehicle leasing",Requested,0,"50,000",1,0,0
"September 2023",RB004400,"Rural Bank",INSTALLMENT,"Loan Line",Active,"950,000",0,3,"316,667","400,000"
"September 2023",RB004420,"Rural Bank",INSTALLMENT,"Business Loan",Active,"15,499,000",0,8,"1,937,375","1,174,500"
"September 2023",RB004440,"Rural Bank",INSTALLMENT,"Agricultural Loan",Active,"10,000,000",0,1,"10,000,000","10,000,000"
"September 2023",RB004590,"Rural Bank",INSTALLMENT,"Benefit Loan",Active,"1,591,000",0,42,"37,881","30,000"
"September 2023",RB004610,"Rural Bank",INSTALLMENT,"Mortgage/Real Estate",Active,"8,314,000",0,7,"1,187,714","900,000"
"September 2023",RB004670,"Rural Bank",INSTALLMENT,"Business Loan",Active,"277,466",0,9,"30,830","11,530"
"September 2023",RB004710,"Rural Bank",INSTALLMENT,"Business Loan",Active,"39,000",0,1,"39,000","39,000"
"September 2023",RB004860,"Rural Bank",INSTALLMENT,"Unsecured loan",Active,"27,322,200",0,138,"197,987","184,500"
"September 2023",RB004920,"Rural Bank",INSTALLMENT,"Personal Loan",Active,"145,651,800",0,495,"294,246","90,000"
"September 2023",RB005010,"Rural Bank",INSTALLMENT,"Unsecured loan",Active,"40,000",0,1,"40,000","40,000"
"September 2023",RB005030,"Rural Bank",INSTALLMENT,"Unsecured loan",Active,"1,076,000",0,20,"53,800","14,000"
"September 2023",RB005060,"Rural Bank",INSTALLMENT,"Salary loan",Active,"2,800,000",0,2,"1,400,000","1,400,000"
"September 2023",RB005330,"Rural Bank",INSTALLMENT,"Salary loan",Active,"50,000",0,1,"50,000","50,000"
"September 2023",RB005630,"Rural Bank",INSTALLMENT,"Unsecured loan",Active,"15,936,900",0,48,"332,019","250,000"
"September 2023",RB005850,"Rural Bank",INSTALLMENT,"Business Loan",Active,"11,600,000",0,4,"2,900,000","2,650,000"
"September 2023",RB005920,"Rural Bank",INSTALLMENT,"Unsecured loan",Active,"87,795,584",0,"9,997","8,782","10,000"
"September 2023",RB006150,"Rural Bank",INSTALLMENT,"Business Loan",Active,"14,210,000",0,10,"1,421,000","1,055,000"
"September 2023",RB006330,"Rural Bank",INSTALLMENT,"Term Loan",Active,"1,865,000",0,14,"133,214","42,500"
"September 2023",RB006580,"Rural Bank",INSTALLMENT,"Business Loan",Active,"1,800,000",0,2,"900,000","900,000"
"September 2023",RB008970,"Rural Bank",INSTALLMENT,"Term Loan",Active,"149,481,254",0,100,"1,494,813","500,000"
"September 2023",RB010100,"Rural Bank",INSTALLMENT,"Business Loan",Requested,0,"4,700,000",4,0,0
"September 2023",RB012000,"Rural Bank",INSTALLMENT,"Term Loan",Active,"34,285,000",0,67,"511,716","200,000"
"September 2023",RB014360,"Rural Bank",INSTALLMENT,"Agricultural Loan",Active,"3,300,000",0,2,"1,650,000","1,650,000"
"September 2023",RB017940,"Rural Bank",INSTALLMENT,"Salary loan",Active,"159,900",0,4,"39,975","39,950"
"September 2023",TB000081,"Thrift Bank",INSTALLMENT,"Mortgage/Real Estate",Active,"51,078,920",0,9,"5,675,436","5,939,347"
"September 2023",TB000101,"Thrift Bank",NON-INSTALLMENT,"Credit Line",Requested,0,"2,147,483,647",282,0,0
"September 2023",TB000221,"Thrift Bank",INSTALLMENT,"Benefit Loan",Active,"430,000",0,2,"215,000","215,000"
"September 2023",TB000351,"Thrift Bank",INSTALLMENT,"Salary loan",Active,"507,781,419",0,"1,885","269,380","200,000"
"September 2023",TB000360,"Thrift Bank",INSTALLMENT,"Business Loan",Active,"64,000,000",0,21,"3,047,619","2,500,000"
"September 2023",TB000370,"Thrift Bank",NON-INSTALLMENT,"Demand Loan Case to Case",Active,"113,046,596",0,8,"14,130,825","11,196,798"
"September 2023",TB000410,"Thrift Bank",NON-INSTALLMENT,L/C,Requested,0,"7,700,000",27,0,0
"September 2023",TB000510,"Thrift Bank",NON-INSTALLMENT,"Credit Line",Requested,0,"1,100,000",3,0,0
"September 2023",TB000520,"Thrift Bank",INSTALLMENT,"Business Loan",Active,"12,940,000",0,12,"1,078,333","990,000"
"September 2023",TB000540,"Thrift Bank",NON-INSTALLMENT,"Omnibus Line",Active,"6,000,000",0,1,"6,000,000","6,000,000"
"September 2023",TB000560,"Thrift Bank",INSTALLMENT,"Business Loan",Active,"1,050,000",0,2,"525,000","525,000"
"September 2023",TB000600,"Thrift Bank",INSTALLMENT,"Vehicle leasing",Requested,0,"2,200,700",3,0,0
"September 2023",TB000680,"Thrift Bank",INSTALLMENT,"Business Loan",Active,"335,894,000",0,19,"17,678,632","6,000,000"
"September 2023",TB000690,"Thrift Bank",INSTALLMENT,"Personal Loan",Active,"1,480,000",0,12,"123,333","110,000"
"September 2023",TB000720,"Thrift Bank",NON-INSTALLMENT,"Demand Loan Case to Case",Active,"1,800,000",0,1,"1,800,000","1,800,000"
"September 2023",TB001040,"Thrift Bank",INSTALLMENT,"Salary loan",Active,"150,000",0,1,"150,000","150,000"
"September 2023",TB002530,"Thrift Bank",INSTALLMENT,"Term Loan",Requested,0,"13,000,000",8,0,0
"September 2023",TB002630,"Thrift Bank",INSTALLMENT,"Business Loan",Active,"6,596,000",0,40,"164,900","100,000"
"September 2023",TB002810,"Thrift Bank",INSTALLMENT,"Salary loan",Active,"2,340,500",0,32,"73,141","50,000"
"September 2023",TB003200,"Thrift Bank",INSTALLMENT,"Salary loan",Active,"1,247,000",0,22,"56,682","50,000"
"September 2023",TB004120,"Thrift Bank",NON-INSTALLMENT,"Credit Line",Active,"99,270,000",0,13,"7,636,154","5,000,000"
"September 2023",TB005190,"Thrift Bank",INSTALLMENT,"Time Loan",Active,"1,442,000",0,9,"160,222","80,000"
"September 2023",TB007390,"Thrift Bank",INSTALLMENT,"Vehicle Loan",Requested,0,0,1,0,0
"September 2023",TB017800,"Thrift Bank",INSTALLMENT,"Salary loan",Active,"6,380,000",0,159,"40,126","30,000"
"September 2023",UB000020,"Universal/Commercial Bank",NON-INSTALLMENT,"Demand Loan Case to Case",Active,"2,147,483,647",0,22,"412,633,182","375,000,000"
"September 2023",UB000060,"Universal/Commercial Bank",INSTALLMENT,"Syndicated Loan",Active,"565,950,000",0,1,"565,950,000","565,950,000"
"September 2023",UB000070,"Universal/Commercial Bank","CREDIT CARD","Credit Card",Active,"42,011,587",0,461,"91,131","40,000"
"September 2023",UB000080,"Universal/Commercial Bank","CREDIT CARD","Credit Card - Shared Limit",Active,"2,147,483,647",0,"40,700","263,979","90,000"
"September 2023",UB000090,"Universal/Commercial Bank","CREDIT CARD","Credit Card - Shared Limit",Active,"700,000",0,2,"350,000","350,000"
"September 2023",UB000091,"Universal/Commercial Bank",NON-INSTALLMENT,"Credit Line",Active,"140,000,000",0,2,"70,000,000","70,000,000"
"September 2023",UB000100,"Universal/Commercial Bank",NON-INSTALLMENT,"Export Bills Purchased",Active,0,0,7,0,0
"September 2023",UB000120,"Universal/Commercial Bank",INSTALLMENT,"Benefit Loan",Active,"1,525,000",0,9,"169,444","100,000"
"September 2023",UB000130,"Universal/Commercial Bank",NON-INSTALLMENT,L/C,Active,"299,027,163",0,1,"299,027,163","299,027,163"
"September 2023",UB000150,"Universal/Commercial Bank",INSTALLMENT,"Vehicle Loan",Closed,"1,167,900",0,2,"583,950","583,950"
"September 2023",UB000160,"Universal/Commercial Bank",NON-INSTALLMENT,"Money Market",Active,"40,000,000",0,1,"40,000,000","40,000,000"
"September 2023",UB000170,"Universal/Commercial Bank",NON-INSTALLMENT,"Omnibus Line",Active,"113,190,000",0,1,"113,190,000","113,190,000"
"September 2023",UB000190,"Universal/Commercial Bank",INSTALLMENT,"Vehicle Loan",Active,"71,300",0,1,"71,300","71,300"
"September 2023",UB000230,"Universal/Commercial Bank",NON-INSTALLMENT,"Omnibus Line",Active,"2,147,483,647",0,36,"602,592,716","316,437,500"
"September 2023",UB000240,"Universal/Commercial Bank",NON-INSTALLMENT,"Omnibus Line",Active,"2,147,483,647",0,909,"8,927,448","3,101,895"
"September 2023",UB000250,"Universal/Commercial Bank","CREDIT CARD","Credit Card",Requested,0,"40,000",4,0,0
"September 2023",UB000280,"Universal/Commercial Bank",INSTALLMENT,"Business Loan",Requested,0,"2,000,000",1,0,0
"September 2023",UB000300,"Universal/Commercial Bank",NON-INSTALLMENT,"Credit Line",Active,"2,147,483,647",0,1,"475,000,000,000","475,000,000,000"
"September 2023",UB000310,"Universal/Commercial Bank",NON-INSTALLMENT,"Omnibus Line",Active,"2,147,483,647",0,3,"1,314,833,333","350,000,000"
"September 2023",UB000320,"Universal/Commercial Bank",NON-INSTALLMENT,"Omnibus Line",Active,"2,147,483,647",0,18,"627,792,609","188,150,000"
"September 2023",UB000340,"Universal/Commercial Bank","CREDIT CARD","Credit Card - Shared Limit",Active,"481,716,415",0,"3,213","149,927","100,000"
"September 2023",UB001050,"Universal/Commercial Bank",INSTALLMENT,"Home equity loan",Requested,0,"40,020,000",3,0,0
"September 2023",UB002950,"Universal/Commercial Bank",NON-INSTALLMENT,"Omnibus Line",Active,"2,147,483,647",0,30,"742,477,600","567,020,000"
"September 2023",UB003260,"Universal/Commercial Bank",INSTALLMENT,"Trust Loan",Active,"868,892",0,7,"124,127","96,736"
"September 2023",UB013580,"Universal/Commercial Bank",NON-INSTALLMENT,"Credit Line",Active,"16,719,000",0,1,"16,719,000","16,719,000"
